<?xml version="1.0" encoding="us-ascii"?>
<mobiflex_project>
  <version>1.0</version>
  <configuration>
    <phone_type>iphone</phone_type>
    <phone_type_version>3.1</phone_type_version>
  </configuration>
  <application>
    <name>Prescription Capture</name>
    <pages>
      <page>
        <name>page_1</name>
        <fields>
          <label>
            <id>title</id>
            <text>Prescription</text>
            <height>26</height>
            <text_decoration>none</text_decoration>
            <font_weight>normal</font_weight>
            <width>180</width>
            <font_style>normal</font_style>
            <left>91</left>
            <font_size>20</font_size>
            <top>6</top>
            <z_index>100</z_index>
            <font_family>verdana</font_family>
            <color>#ffffff</color>
          </label>
          <button>
            <id>get</id>
            <font_size>16</font_size>
            <height>30</height>
            <font_weight>normal</font_weight>
            <width>109</width>
            <font_style>normal</font_style>
            <font_family>verdana</font_family>
            <left>191</left>
            <z_index>1652</z_index>
            <top>273</top>
            <text_decoration>none</text_decoration>
            <background_color>#1fa885</background_color>
            <color>#ffffff</color>
            <submit>post;response_page:page_2</submit>
            <text>Get Photo</text>
          </button>
          <label>
            <id>get_photo</id>
            <text>Get From Database</text>
            <height>21</height>
            <text_decoration>none</text_decoration>
            <font_weight>normal</font_weight>
            <width>204</width>
            <font_style>normal</font_style>
            <left>23</left>
            <font_size>16</font_size>
            <top>280</top>
            <z_index>1407</z_index>
            <font_family>verdana</font_family>
            <color>#000000</color>
          </label>
          <image_button>
            <id>save</id>
            <image_source>http://www.mobiflex.mobi/customer_media/beta/reverse.png</image_source>
            <height>30</height>
            <left>214</left>
            <width>42</width>
            <z_index>1002</z_index>
            <top>187</top>
            <submit>post;response_page:page_1</submit>
          </image_button>
          <label>
            <id>save_label</id>
            <text>Save To Database</text>
            <height>21</height>
            <text_decoration>none</text_decoration>
            <font_weight>normal</font_weight>
            <width>192</width>
            <font_style>normal</font_style>
            <left>24</left>
            <font_size>16</font_size>
            <top>196</top>
            <z_index>760</z_index>
            <font_family>verdana</font_family>
            <color>#000000</color>
          </label>
          <label>
            <id>tip</id>
            <text>Take a Picture</text>
            <font_size>16</font_size>
            <height>18</height>
            <font_weight>normal</font_weight>
            <width>135</width>
            <font_style>normal</font_style>
            <left>26</left>
            <z_index>518</z_index>
            <top>109</top>
            <text_decoration>none</text_decoration>
            <font_family>verdana</font_family>
            <color>#000000</color>
          </label>
          <photo>
            <id>photo</id>
            <compression>.3</compression>
            <height>48</height>
            <left>210</left>
            <width>48</width>
            <z_index>1819</z_index>
            <top>101</top>
          </photo>
          <alert>
            <id>confirm</id>
            <height>50</height>
            <left>260</left>
            <width>50</width>
            <z_index>1244</z_index>
            <top>399</top>
          </alert>
        </fields>
      </page>
      <page>
        <name>page_2</name>
        <fields>
          <button>
            <id>back</id>
            <font_size>16</font_size>
            <height>30</height>
            <font_weight>normal</font_weight>
            <width>56</width>
            <font_style>normal</font_style>
            <font_family>verdana</font_family>
            <left>8</left>
            <z_index>100</z_index>
            <top>7</top>
            <text_decoration>none</text_decoration>
            <background_color>#1fa885</background_color>
            <color>#ffffff</color>
            <submit>next_page:page_1</submit>
            <text>Back</text>
          </button>
          <image>
            <id>saved_photo</id>
            <image_source>images/no_icon.png</image_source>
            <height>173</height>
            <left>-1</left>
            <width>314</width>
            <z_index>407</z_index>
            <top>87</top>
          </image>
        </fields>
      </page>
    </pages>
  </application>
  <phone_data_requests />
  <web_service_data_responses />
  <database_config>
    <database_type>MySql</database_type>
    <connection_string>DRIVER={MySQL ODBC 3.51 Driver};SERVER=localhost;UID=admin;PASSWORD=speech1;DATABASE=mobiflex_photo_test;option=3;</connection_string>
    <tables>
      <table>
        <table_name>photo_table</table_name>
        <fields>
          <field>
            <name>photo_id</name>
            <type>int</type>
            <length>10</length>
          </field>
          <field>
            <name>photo</name>
            <type>blob</type>
          </field>
        </fields>
      </table>
      <table>
        <table_name>messages</table_name>
        <fields>
          <field>
            <name>type</name>
            <type>varchar</type>
            <length>50</length>
          </field>
          <field>
            <name>message</name>
            <type>varchar</type>
            <length>255</length>
          </field>
        </fields>
      </table>
    </tables>
    <database_webservice_url>http://mobiflex.mobi/mobiflex/WebServices/MobiFlexDatabase/Service.asmx</database_webservice_url>
    <events>
      <event>
        <event_name>save</event_name>
        <sql_commands>
          <sql_command>
            <command>Update</command>
            <table>photo_table</table>
            <field_item>
              <database_field>photo</database_field>
              <phone_field>photo</phone_field>
            </field_item>
          </sql_command>
          <sql_command>
            <command>Select From</command>
            <table>messages</table>
            <field_item>
              <database_field>message</database_field>
              <phone_field>confirm</phone_field>
            </field_item>
            <condition>
              <condition_operation>Where</condition_operation>
              <condition_1st_field>type</condition_1st_field>
              <field_operation>=</field_operation>
              <condition_2nd_field>confirm_message</condition_2nd_field>
            </condition>
          </sql_command>
        </sql_commands>
      </event>
      <event>
        <event_name>get</event_name>
        <sql_commands>
          <sql_command>
            <command>Select From</command>
            <table>photo_table</table>
            <field_item>
              <database_field>photo</database_field>
              <phone_field>saved_photo</phone_field>
            </field_item>
          </sql_command>
        </sql_commands>
      </event>
    </events>
  </database_config>
</mobiflex_project>